ep_id,s0e0
2,101
3,102
4,103
5,104
6,105
7,106
8,201
9,202
10,203
11,204
12,205
13,206
14,207
15,208
16,209
17,210
18,211
19,212
20,213
21,214
22,215
23,216
24,217
25,218
26,219
27,220
28,221
29,222
30,301
31,302
32,303
33,304
34,305
35,306
36,307
37,308
38,309
39,310
40,311
41,312
42,313
43,314
44,315
45,316
46,317
47,318
48,319
49,320
50,321
51,322
52,323
53,401
54,402
55,403
56,404
57,405
58,406
59,407
60,408
61,409
62,410
63,411
64,412
65,413
66,414
67,501
68,502
69,503
70,504
71,505
72,506
73,507
74,508
75,509
76,510
77,511
78,512
79,513
80,514
81,515
82,516
83,517
84,518
85,519
86,520
87,521
88,522
89,523
90,524
91,525
92,526
93,601
94,602
95,603
96,604
97,605
98,606
99,607
100,608
101,609
102,610
103,611
104,612
105,613
106,614
107,615
108,616
109,617
110,618
111,619
112,620
113,621
114,622
115,623
116,624
117,701
118,702
119,703
120,704
121,705
122,706
123,707
124,708
125,709
126,710
127,711
128,712
129,713
130,714
131,715
132,716
133,717
134,718
135,719
136,720
137,721
138,722
139,723
140,724
141,801
142,802
143,803
144,804
145,805
146,806
147,807
148,808
149,809
150,810
151,811
152,812
153,813
154,814
155,815
156,816
157,817
158,818
159,819
160,820
161,821
162,822
163,823
164,824
165,901
166,902
167,903
168,904
169,905
170,906
171,907
172,908
173,909
174,910
175,911
176,912
177,913
178,914
179,915
180,916
181,917
182,918
183,919
184,920
185,921
186,922
187,923
